rank,seed,profit_delta_1974_gbp_year,company_value_delta_1974_gbp,profit_delta_1970_gbp_year,profit_delta_1971_gbp_year,profit_delta_1972_gbp_year,profit_delta_1973_gbp_year,profit_delta_1974_gbp_year,airport_slots_delta_1974,rail_lines_ref,rail_lines_variant,air_lines_ref,air_lines_variant,road_lines_ref,road_lines_variant,water_lines_ref,water_lines_variant
1,746035,-525183,-799163,0,-1,-131370,-239585,-525183,0,4,6,57,57,1,2,0,0
2,424242,-481430,-1170286,0,-126065,-310572,-265500,-481430,4,7,5,55,51,2,0,0,0
3,8191,-372964,-692943,12709,75105,-272379,-117034,-372964,2,2,2,53,42,2,1,1,0
4,73,-234443,-634440,88,-72273,-178044,-68953,-234443,-2,4,3,54,43,0,1,0,0
5,999,-227729,-1060706,-30627,-71359,-273799,-285291,-227729,-3,4,4,44,40,2,1,0,0
6,515222,-210145,-147597,0,1,166915,-84872,-210145,1,5,6,51,49,1,1,0,0
7,12345,-151691,-406694,0,-1042,12829,-249180,-151691,-3,6,5,47,48,3,2,0,0
8,781335,-33456,-12303,0,0,0,0,-33456,0,4,3,51,52,2,3,1,1
9,42,-7728,-347706,0,-20429,-238149,20438,-7728,1,2,4,48,50,1,2,0,0
10,17,-2503,28810,0,0,0,0,-2503,-1,4,4,43,42,0,0,0,0
11,314,0,0,0,0,0,0,0,0,3,3,42,42,0,0,0,0
12,841478,0,0,0,0,0,0,0,0,5,5,56,56,2,2,0,0
13,423960,2316,-782,0,0,45669,-95747,2316,3,7,3,54,56,1,3,0,0
14,512,8470,-117702,0,0,-13,36140,8470,4,5,3,29,29,4,3,0,0
15,455216,12453,-53073,0,0,-15483,-7283,12453,5,9,7,27,29,3,3,0,0
16,292001,19235,153317,0,14264,65646,-19925,19235,-2,9,3,54,50,1,1,1,1
17,983759,23167,67612,0,0,0,0,23167,0,4,4,45,46,2,2,0,0
18,100,41939,45690,0,-388,-121214,103885,41939,0,9,6,44,45,0,0,0,0
19,123456,49522,570520,-7160,13685,268949,174569,49522,2,2,3,40,49,1,0,0,0
20,59527,50087,-10695,537,-77909,11893,-15410,50087,2,7,5,48,54,1,1,0,0
21,706990,53660,223184,0,0,-6592,80259,53660,-2,6,6,47,47,2,2,0,0
22,442018,54281,305634,0,-17305,97963,-7060,54281,0,4,4,48,47,2,2,0,0
23,65537,63398,34733,0,0,0,-16366,63398,-1,5,2,43,48,2,1,0,0
24,4096,77359,534353,0,100946,-128142,99965,77359,0,2,2,57,62,1,0,0,0
25,613553,88850,-79586,0,0,0,-46962,88850,0,5,5,43,46,0,0,0,0
26,1,90751,870301,0,51645,201602,464646,90751,-2,3,5,45,40,1,0,0,0
27,7,94006,348632,0,93515,73402,211554,94006,1,4,6,54,53,1,0,0,0
28,1024,106096,99344,0,0,17,29205,106096,0,9,9,48,47,0,2,0,0
29,232037,106534,692490,-623,13363,251663,333124,106534,-3,6,8,48,43,1,2,0,0
30,701256,109173,269964,0,0,43406,75502,109173,0,6,5,55,54,1,1,0,0
31,230185,110623,241406,0,0,0,0,110623,1,4,4,50,52,2,2,0,0
32,723002,145090,734998,0,72312,353186,352475,145090,1,5,4,51,49,1,0,0,0
33,313707,150377,110883,0,51052,-170586,2956,150377,0,5,5,47,52,2,0,0,0
34,1337,164418,721134,0,-17949,245820,263446,164418,-2,3,3,39,44,1,0,0,0
35,2026,176918,294683,0,0,-10311,28973,176918,0,6,3,55,56,2,2,0,0
36,54321,217782,439635,0,-49280,99353,191884,217782,1,7,5,52,53,2,2,1,1
37,8675309,245797,178852,0,0,44725,-65131,245797,2,5,5,55,57,2,1,0,0
38,375172,332126,526532,0,0,10455,100550,332126,2,2,4,53,58,0,0,0,0
39,802204,358161,286385,0,-24476,-210685,179189,358161,1,3,3,51,53,1,1,0,0
40,999533,470108,886906,0,-10330,-26082,424282,470108,2,2,5,40,49,0,2,1,1
