seed,quarter_year,quarter_month,company_value,date
300,1950,1,1,1950-01-01
300,1950,4,1,1950-04-01
300,1950,7,1,1950-07-01
300,1950,10,1,1950-10-01
300,1951,1,1,1951-01-01
300,1951,4,1,1951-04-01
300,1951,7,25690,1951-07-01
300,1951,10,49200,1951-10-01
300,1952,1,73226,1952-01-01
300,1952,4,120841,1952-04-01
300,1952,7,143847,1952-07-01
300,1952,10,166522,1952-10-01
300,1953,1,190240,1953-01-01
300,1953,4,213835,1953-04-01
300,1953,7,180849,1953-07-01
300,1953,10,240668,1953-10-01
300,1954,1,237149,1954-01-01
300,1954,4,378438,1954-04-01
300,1954,7,517126,1954-07-01
300,1954,10,705040,1954-10-01
300,1955,1,870345,1955-01-01
300,1955,4,1061168,1955-04-01
300,1955,7,1206509,1955-07-01
300,1955,10,1398035,1955-10-01
300,1956,1,1435756,1956-01-01
300,1956,4,1722870,1956-04-01
300,1956,7,1885946,1956-07-01
300,1956,10,2192056,1956-10-01
300,1957,1,2447109,1957-01-01
300,1957,4,2659628,1957-04-01
300,1957,7,2943613,1957-07-01
300,1957,10,3265099,1957-10-01
300,1958,1,3580962,1958-01-01
300,1958,4,3874692,1958-04-01
300,1958,7,4219427,1958-07-01
300,1958,10,4423610,1958-10-01
300,1959,1,4573959,1959-01-01
300,1959,4,4922033,1959-04-01
300,1959,7,5306446,1959-07-01
301,1950,1,1,1950-01-01
301,1950,4,1,1950-04-01
301,1950,7,19419,1950-07-01
301,1950,10,72522,1950-10-01
301,1951,1,95664,1951-01-01
301,1951,4,127876,1951-04-01
301,1951,7,149956,1951-07-01
301,1951,10,202230,1951-10-01
301,1952,1,183983,1952-01-01
301,1952,4,260509,1952-04-01
301,1952,7,329364,1952-07-01
301,1952,10,405480,1952-10-01
301,1953,1,484387,1953-01-01
301,1953,4,563967,1953-04-01
301,1953,7,640980,1953-07-01
301,1953,10,608389,1953-10-01
301,1954,1,767690,1954-01-01
301,1954,4,903183,1954-04-01
301,1954,7,1069313,1954-07-01
301,1954,10,1176052,1954-10-01
301,1955,1,1391966,1955-01-01
301,1955,4,1528475,1955-04-01
301,1955,7,1686603,1955-07-01
301,1955,10,1824196,1955-10-01
301,1956,1,2014466,1956-01-01
301,1956,4,2187953,1956-04-01
301,1956,7,2293214,1956-07-01
301,1956,10,2503793,1956-10-01
301,1957,1,2684184,1957-01-01
301,1957,4,2788024,1957-04-01
301,1957,7,2990729,1957-07-01
301,1957,10,3155418,1957-10-01
301,1958,1,3470994,1958-01-01
301,1958,4,3660821,1958-04-01
301,1958,7,3840726,1958-07-01
301,1958,10,4180765,1958-10-01
301,1959,1,4319113,1959-01-01
301,1959,4,4634615,1959-04-01
301,1959,7,4881883,1959-07-01
302,1950,1,1,1950-01-01
302,1950,4,1,1950-04-01
302,1950,7,1,1950-07-01
302,1950,10,28910,1950-10-01
302,1951,1,55917,1951-01-01
302,1951,4,83261,1951-04-01
302,1951,7,110713,1951-07-01
302,1951,10,163461,1951-10-01
302,1952,1,190346,1952-01-01
302,1952,4,217506,1952-04-01
302,1952,7,244870,1952-07-01
302,1952,10,272040,1952-10-01
302,1953,1,276480,1953-01-01
302,1953,4,285559,1953-04-01
302,1953,7,333074,1953-07-01
302,1953,10,439062,1953-10-01
302,1954,1,516746,1954-01-01
302,1954,4,655743,1954-04-01
302,1954,7,706253,1954-07-01
302,1954,10,812308,1954-10-01
302,1955,1,925590,1955-01-01
302,1955,4,1006331,1955-04-01
302,1955,7,954967,1955-07-01
302,1955,10,1041145,1955-10-01
302,1956,1,1109608,1956-01-01
302,1956,4,1214921,1956-04-01
302,1956,7,1345904,1956-07-01
302,1956,10,1508235,1956-10-01
302,1957,1,1634198,1957-01-01
302,1957,4,1765246,1957-04-01
302,1957,7,1838934,1957-07-01
302,1957,10,2040144,1957-10-01
302,1958,1,2184209,1958-01-01
302,1958,4,2317663,1958-04-01
302,1958,7,2436311,1958-07-01
302,1958,10,2603255,1958-10-01
302,1959,1,2708554,1959-01-01
302,1959,4,2894597,1959-04-01
302,1959,7,3001137,1959-07-01
303,1950,1,1,1950-01-01
303,1950,4,1,1950-04-01
303,1950,7,1,1950-07-01
303,1950,10,37647,1950-10-01
303,1951,1,63946,1951-01-01
303,1951,4,119285,1951-04-01
303,1951,7,178404,1951-07-01
303,1951,10,243705,1951-10-01
303,1952,1,256786,1952-01-01
303,1952,4,340649,1952-04-01
303,1952,7,423664,1952-07-01
303,1952,10,507898,1952-10-01
303,1953,1,592471,1953-01-01
303,1953,4,661723,1953-04-01
303,1953,7,748068,1953-07-01
303,1953,10,878447,1953-10-01
303,1954,1,1055600,1954-01-01
303,1954,4,1177657,1954-04-01
303,1954,7,1334538,1954-07-01
303,1954,10,1522172,1954-10-01
303,1955,1,1695895,1955-01-01
303,1955,4,1883107,1955-04-01
303,1955,7,2084247,1955-07-01
303,1955,10,2356510,1955-10-01
303,1956,1,2693161,1956-01-01
303,1956,4,2961988,1956-04-01
303,1956,7,3188254,1956-07-01
303,1956,10,3425691,1956-10-01
303,1957,1,3644135,1957-01-01
303,1957,4,3971172,1957-04-01
303,1957,7,4353430,1957-07-01
303,1957,10,4747495,1957-10-01
303,1958,1,5124125,1958-01-01
303,1958,4,5345764,1958-04-01
303,1958,7,5750300,1958-07-01
303,1958,10,6049546,1958-10-01
303,1959,1,6501462,1959-01-01
303,1959,4,6844777,1959-04-01
303,1959,7,7216855,1959-07-01
304,1950,1,1,1950-01-01
304,1950,4,1,1950-04-01
304,1950,7,1,1950-07-01
304,1950,10,1,1950-10-01
304,1951,1,1,1951-01-01
304,1951,4,1,1951-04-01
304,1951,7,1,1951-07-01
304,1951,10,1,1951-10-01
304,1952,1,1,1952-01-01
304,1952,4,1,1952-04-01
304,1952,7,21280,1952-07-01
304,1952,10,102814,1952-10-01
304,1953,1,138266,1953-01-01
304,1953,4,203875,1953-04-01
304,1953,7,238165,1953-07-01
304,1953,10,305751,1953-10-01
304,1954,1,365266,1954-01-01
304,1954,4,424345,1954-04-01
304,1954,7,409232,1954-07-01
304,1954,10,546839,1954-10-01
304,1955,1,629357,1955-01-01
304,1955,4,757032,1955-04-01
304,1955,7,899288,1955-07-01
304,1955,10,989571,1955-10-01
304,1956,1,1169327,1956-01-01
304,1956,4,1372884,1956-04-01
304,1956,7,1523376,1956-07-01
304,1956,10,1695055,1956-10-01
304,1957,1,1833692,1957-01-01
304,1957,4,2002955,1957-04-01
304,1957,7,2162323,1957-07-01
304,1957,10,2363393,1957-10-01
304,1958,1,2474873,1958-01-01
304,1958,4,2777436,1958-04-01
304,1958,7,3010821,1958-07-01
304,1958,10,3306299,1958-10-01
304,1959,1,3461706,1959-01-01
304,1959,4,3767713,1959-04-01
304,1959,7,3978240,1959-07-01
305,1950,1,1,1950-01-01
305,1950,4,1,1950-04-01
305,1950,7,1,1950-07-01
305,1950,10,1,1950-10-01
305,1951,1,1,1951-01-01
305,1951,4,25717,1951-04-01
305,1951,7,60429,1951-07-01
305,1951,10,132718,1951-10-01
305,1952,1,209539,1952-01-01
305,1952,4,243250,1952-04-01
305,1952,7,320310,1952-07-01
305,1952,10,353987,1952-10-01
305,1953,1,388223,1953-01-01
305,1953,4,452043,1953-04-01
305,1953,7,469090,1953-07-01
305,1953,10,580514,1953-10-01
305,1954,1,826529,1954-01-01
305,1954,4,904045,1954-04-01
305,1954,7,971842,1954-07-01
305,1954,10,1147752,1954-10-01
305,1955,1,1421169,1955-01-01
305,1955,4,1726741,1955-04-01
305,1955,7,1984754,1955-07-01
305,1955,10,2213386,1955-10-01
305,1956,1,2441712,1956-01-01
305,1956,4,2701420,1956-04-01
305,1956,7,2925829,1956-07-01
305,1956,10,3148708,1956-10-01
305,1957,1,3406895,1957-01-01
305,1957,4,3677212,1957-04-01
305,1957,7,3994557,1957-07-01
305,1957,10,4301013,1957-10-01
305,1958,1,4642846,1958-01-01
305,1958,4,4947545,1958-04-01
305,1958,7,5144609,1958-07-01
305,1958,10,5469613,1958-10-01
305,1959,1,5801869,1959-01-01
305,1959,4,6124734,1959-04-01
305,1959,7,6489404,1959-07-01
306,1950,1,1,1950-01-01
306,1950,4,1,1950-04-01
306,1950,7,1,1950-07-01
306,1950,10,1,1950-10-01
306,1951,1,1,1951-01-01
306,1951,4,1,1951-04-01
306,1951,7,1,1951-07-01
306,1951,10,56351,1951-10-01
306,1952,1,145468,1952-01-01
306,1952,4,182976,1952-04-01
306,1952,7,309862,1952-07-01
306,1952,10,422150,1952-10-01
306,1953,1,479108,1953-01-01
306,1953,4,598073,1953-04-01
306,1953,7,615561,1953-07-01
306,1953,10,802321,1953-10-01
306,1954,1,993352,1954-01-01
306,1954,4,1194708,1954-04-01
306,1954,7,1365598,1954-07-01
306,1954,10,1610235,1954-10-01
306,1955,1,1806707,1955-01-01
306,1955,4,2024002,1955-04-01
306,1955,7,2261487,1955-07-01
306,1955,10,2384347,1955-10-01
306,1956,1,2492593,1956-01-01
306,1956,4,2767356,1956-04-01
306,1956,7,2891977,1956-07-01
306,1956,10,3200756,1956-10-01
306,1957,1,3418915,1957-01-01
306,1957,4,3567513,1957-04-01
306,1957,7,3967942,1957-07-01
306,1957,10,4248060,1957-10-01
306,1958,1,4540929,1958-01-01
306,1958,4,4815632,1958-04-01
306,1958,7,5192797,1958-07-01
306,1958,10,5451157,1958-10-01
306,1959,1,5811943,1959-01-01
306,1959,4,6159485,1959-04-01
306,1959,7,6439122,1959-07-01
307,1950,1,1,1950-01-01
307,1950,4,1,1950-04-01
307,1950,7,1,1950-07-01
307,1950,10,1,1950-10-01
307,1951,1,1,1951-01-01
307,1951,4,1,1951-04-01
307,1951,7,37487,1951-07-01
307,1951,10,67553,1951-10-01
307,1952,1,139328,1952-01-01
307,1952,4,166425,1952-04-01
307,1952,7,163791,1952-07-01
307,1952,10,258356,1952-10-01
307,1953,1,272702,1953-01-01
307,1953,4,306356,1953-04-01
307,1953,7,396504,1953-07-01
307,1953,10,527959,1953-10-01
307,1954,1,605389,1954-01-01
307,1954,4,721170,1954-04-01
307,1954,7,872822,1954-07-01
307,1954,10,1014125,1954-10-01
307,1955,1,1191096,1955-01-01
307,1955,4,1332020,1955-04-01
307,1955,7,1506139,1955-07-01
307,1955,10,1720059,1955-10-01
307,1956,1,1898685,1956-01-01
307,1956,4,2015415,1956-04-01
307,1956,7,2201082,1956-07-01
307,1956,10,2387644,1956-10-01
307,1957,1,2516823,1957-01-01
307,1957,4,2655705,1957-04-01
307,1957,7,2916867,1957-07-01
307,1957,10,3165221,1957-10-01
307,1958,1,3420813,1958-01-01
307,1958,4,3626012,1958-04-01
307,1958,7,3740880,1958-07-01
307,1958,10,4107823,1958-10-01
307,1959,1,4355372,1959-01-01
307,1959,4,4702451,1959-04-01
307,1959,7,5019215,1959-07-01
308,1950,1,1,1950-01-01
308,1950,4,1,1950-04-01
308,1950,7,1,1950-07-01
308,1950,10,1,1950-10-01
308,1951,1,22536,1951-01-01
308,1951,4,44648,1951-04-01
308,1951,7,96592,1951-07-01
308,1951,10,111717,1951-10-01
308,1952,1,162773,1952-01-01
308,1952,4,184969,1952-04-01
308,1952,7,177708,1952-07-01
308,1952,10,252711,1952-10-01
308,1953,1,289703,1953-01-01
308,1953,4,335457,1953-04-01
308,1953,7,409588,1953-07-01
308,1953,10,455066,1953-10-01
308,1954,1,532080,1954-01-01
308,1954,4,578611,1954-04-01
308,1954,7,685024,1954-07-01
308,1954,10,762053,1954-10-01
308,1955,1,839796,1955-01-01
308,1955,4,888778,1955-04-01
308,1955,7,967004,1955-07-01
308,1955,10,1046161,1955-10-01
308,1956,1,1092837,1956-01-01
308,1956,4,1171371,1956-04-01
308,1956,7,1229410,1956-07-01
308,1956,10,1353746,1956-10-01
308,1957,1,1478666,1957-01-01
308,1957,4,1589449,1957-04-01
308,1957,7,1700078,1957-07-01
308,1957,10,1815985,1957-10-01
308,1958,1,1950318,1958-01-01
308,1958,4,2159615,1958-04-01
308,1958,7,2295781,1958-07-01
308,1958,10,2435191,1958-10-01
308,1959,1,2600864,1959-01-01
308,1959,4,2778855,1959-04-01
308,1959,7,2938788,1959-07-01
309,1950,1,1,1950-01-01
309,1950,4,1,1950-04-01
309,1950,7,1,1950-07-01
309,1950,10,1666,1950-10-01
309,1951,1,59389,1951-01-01
309,1951,4,117963,1951-04-01
309,1951,7,136242,1951-07-01
309,1951,10,193690,1951-10-01
309,1952,1,251571,1952-01-01
309,1952,4,274885,1952-04-01
309,1952,7,333691,1952-07-01
309,1952,10,392371,1952-10-01
309,1953,1,364896,1953-01-01
309,1953,4,400285,1953-04-01
309,1953,7,545764,1953-07-01
309,1953,10,613446,1953-10-01
309,1954,1,736493,1954-01-01
309,1954,4,1026466,1954-04-01
309,1954,7,1193206,1954-07-01
309,1954,10,1336889,1954-10-01
309,1955,1,1681562,1955-01-01
309,1955,4,1918869,1955-04-01
309,1955,7,2292398,1955-07-01
309,1955,10,2688728,1955-10-01
309,1956,1,2981144,1956-01-01
309,1956,4,3318300,1956-04-01
309,1956,7,3724934,1956-07-01
309,1956,10,4110150,1956-10-01
309,1957,1,4478810,1957-01-01
309,1957,4,4813142,1957-04-01
309,1957,7,5295195,1957-07-01
309,1957,10,5740207,1957-10-01
309,1958,1,6167431,1958-01-01
309,1958,4,6552075,1958-04-01
309,1958,7,7004479,1958-07-01
309,1958,10,7531823,1958-10-01
309,1959,1,8047802,1959-01-01
309,1959,4,8554431,1959-04-01
309,1959,7,9214350,1959-07-01
