seed,date,money
300,1950-02-01,289299
300,1950-03-01,288774
300,1950-04-01,288249
300,1950-05-01,287724
300,1950-06-01,287199
300,1950-07-01,286674
300,1950-08-01,286149
300,1950-09-01,285624
300,1950-10-01,285099
300,1950-11-01,284574
300,1950-12-01,284049
300,1951-01-01,16196
300,1951-02-01,8085
300,1951-03-01,7198
300,1951-04-01,6255
300,1951-05-01,5331
300,1951-06-01,5935
300,1951-07-01,5061
300,1951-08-01,5491
300,1951-09-01,4647
300,1951-10-01,35062
300,1951-11-01,4269
300,1951-12-01,34631
300,1952-01-01,3888
300,1952-02-01,34265
300,1952-03-01,3609
300,1952-04-01,2916
300,1952-05-01,278626
300,1952-06-01,270804
300,1952-07-01,300534
300,1952-08-01,299424
300,1952-09-01,298314
300,1952-10-01,328076
300,1952-11-01,326966
300,1952-12-01,325875
300,1953-01-01,355452
300,1953-02-01,354343
300,1953-03-01,384111
300,1953-04-01,383001
300,1953-05-01,381910
300,1953-06-01,411498
300,1953-07-01,410406
300,1953-08-01,314634
300,1953-09-01,7665
300,1953-10-01,6136
300,1953-11-01,4564
300,1953-12-01,3368
301,1950-02-01,276639
301,1950-03-01,265679
301,1950-04-01,8957
301,1950-05-01,8066
301,1950-06-01,7156
301,1950-07-01,6265
301,1950-08-01,5795
301,1950-09-01,4935
301,1950-10-01,4411
301,1950-11-01,3601
301,1950-12-01,3122
301,1951-01-01,32662
301,1951-02-01,1952
301,1951-03-01,1621
301,1951-04-01,961
301,1951-05-01,300005
301,1951-06-01,274237
301,1951-07-01,303303
301,1951-08-01,302193
301,1951-09-01,331269
301,1951-10-01,330178
301,1951-11-01,359251
301,1951-12-01,358160
301,1952-01-01,387269
301,1952-02-01,301201
301,1952-03-01,29771
301,1952-04-01,8182
301,1952-05-01,36666
301,1952-06-01,5126
301,1952-07-01,36264
301,1952-08-01,292580
301,1952-09-01,320724
301,1952-10-01,351285
301,1952-11-01,379474
301,1952-12-01,410062
301,1953-01-01,438233
301,1953-02-01,468660
301,1953-03-01,496977
301,1953-04-01,527581
301,1953-05-01,555744
301,1953-06-01,586285
301,1953-07-01,616841
301,1953-08-01,644969
301,1953-09-01,675545
301,1953-10-01,703721
301,1953-11-01,734263
301,1953-12-01,736752
302,1950-02-01,289224
302,1950-03-01,288699
302,1950-04-01,288174
302,1950-05-01,287649
302,1950-06-01,221364
302,1950-07-01,3272
302,1950-08-01,2100
302,1950-09-01,928
302,1950-10-01,-218
302,1950-11-01,45956
302,1950-12-01,4860
302,1951-01-01,41182
302,1951-02-01,127
302,1951-03-01,9131
302,1951-04-01,5202
302,1951-05-01,4222
302,1951-06-01,582
302,1951-07-01,9653
302,1951-08-01,45257
302,1951-09-01,4368
302,1951-10-01,3505
302,1951-11-01,273789
302,1951-12-01,272510
302,1952-01-01,308041
302,1952-02-01,306736
302,1952-03-01,305481
302,1952-04-01,340954
302,1952-05-01,339674
302,1952-06-01,375087
302,1952-07-01,373807
302,1952-08-01,372503
302,1952-09-01,407866
302,1952-10-01,406586
302,1952-11-01,441870
302,1952-12-01,440590
302,1953-01-01,438311
302,1953-02-01,282220
302,1953-03-01,269373
302,1953-04-01,304104
302,1953-05-01,302258
302,1953-06-01,277276
302,1953-07-01,-598
302,1953-08-01,7489
302,1953-09-01,8631
302,1953-10-01,288487
302,1953-11-01,312474
302,1953-12-01,338651
303,1950-02-01,288393
303,1950-03-01,287868
303,1950-04-01,287343
303,1950-05-01,286818
303,1950-06-01,270193
303,1950-07-01,220
303,1950-08-01,9327
303,1950-09-01,8434
303,1950-10-01,7560
303,1950-11-01,600
303,1950-12-01,-208
303,1951-01-01,2639
303,1951-02-01,1862
303,1951-03-01,4812
303,1951-04-01,4086
303,1951-05-01,6992
303,1951-06-01,295527
303,1951-07-01,292370
303,1951-08-01,324914
303,1951-09-01,323804
303,1951-10-01,356331
303,1951-11-01,355221
303,1951-12-01,4550
303,1952-01-01,36911
303,1952-02-01,274800
303,1952-03-01,306788
303,1952-04-01,305093
303,1952-05-01,368654
303,1952-06-01,366959
303,1952-07-01,398943
303,1952-08-01,428991
303,1952-09-01,460874
303,1952-10-01,491138
303,1952-11-01,523050
303,1952-12-01,553004
303,1953-01-01,584557
303,1953-02-01,616127
303,1953-03-01,645861
303,1953-04-01,677690
303,1953-05-01,707920
303,1953-06-01,739747
303,1953-07-01,755155
303,1953-08-01,607800
303,1953-09-01,632392
303,1953-10-01,663468
303,1953-11-01,527504
303,1953-12-01,581600
304,1950-02-01,287719
304,1950-03-01,287194
304,1950-04-01,286669
304,1950-05-01,286144
304,1950-06-01,285619
304,1950-07-01,285094
304,1950-08-01,284569
304,1950-09-01,284044
304,1950-10-01,283519
304,1950-11-01,282994
304,1950-12-01,282469
304,1951-01-01,281944
304,1951-02-01,281419
304,1951-03-01,280894
304,1951-04-01,280369
304,1951-05-01,279844
304,1951-06-01,279319
304,1951-07-01,278794
304,1951-08-01,278269
304,1951-09-01,277744
304,1951-10-01,277219
304,1951-11-01,276694
304,1951-12-01,276169
304,1952-01-01,275644
304,1952-02-01,192700
304,1952-03-01,7638
304,1952-04-01,6155
304,1952-05-01,4704
304,1952-06-01,3220
304,1952-07-01,49303
304,1952-08-01,7886
304,1952-09-01,4209
304,1952-10-01,2908
304,1952-11-01,8759
304,1952-12-01,7524
304,1953-01-01,3554
304,1953-02-01,2371
304,1953-03-01,48312
304,1953-04-01,7196
304,1953-05-01,274310
304,1953-06-01,260822
304,1953-07-01,306475
304,1953-08-01,304975
304,1953-09-01,349949
304,1953-10-01,348480
304,1953-11-01,364199
304,1953-12-01,3424
305,1950-02-01,288714
305,1950-03-01,288189
305,1950-04-01,287664
305,1950-05-01,287139
305,1950-06-01,286614
305,1950-07-01,286089
305,1950-08-01,285564
305,1950-09-01,285039
305,1950-10-01,284514
305,1950-11-01,283989
305,1950-12-01,250856
305,1951-01-01,-121
305,1951-02-01,8619
305,1951-03-01,7439
305,1951-04-01,6179
305,1951-05-01,4945
305,1951-06-01,8119
305,1951-07-01,51422
305,1951-08-01,311
305,1951-09-01,3766
305,1951-10-01,2749
305,1951-11-01,6165
305,1951-12-01,49644
305,1952-01-01,267013
305,1952-02-01,309231
305,1952-03-01,307924
305,1952-04-01,350029
305,1952-05-01,348695
305,1952-06-01,391243
305,1952-07-01,389909
305,1952-08-01,432456
305,1952-09-01,431096
305,1952-10-01,473280
305,1952-11-01,471920
305,1952-12-01,513916
305,1953-01-01,512556
305,1953-02-01,511195
305,1953-03-01,553328
305,1953-04-01,551968
305,1953-05-01,593548
305,1953-06-01,555368
305,1953-07-01,472043
305,1953-08-01,359814
305,1953-09-01,358785
305,1953-10-01,276088
305,1953-11-01,297943
305,1953-12-01,406871
306,1950-02-01,280824
306,1950-03-01,280299
306,1950-04-01,279774
306,1950-05-01,279249
306,1950-06-01,278724
306,1950-07-01,278199
306,1950-08-01,277674
306,1950-09-01,277149
306,1950-10-01,276624
306,1950-11-01,276099
306,1950-12-01,275574
306,1951-01-01,275049
306,1951-02-01,274524
306,1951-03-01,273999
306,1951-04-01,273474
306,1951-05-01,272949
306,1951-06-01,267281
306,1951-07-01,185493
306,1951-08-01,2021
306,1951-09-01,554
306,1951-10-01,9103
306,1951-11-01,7620
306,1951-12-01,6396
306,1952-01-01,6809
306,1952-02-01,5247
306,1952-03-01,5862
306,1952-04-01,56359
306,1952-05-01,5002
306,1952-06-01,5597
306,1952-07-01,4324
306,1952-08-01,284559
306,1952-09-01,4682
306,1952-10-01,53339
306,1952-11-01,1165
306,1952-12-01,-63
306,1953-01-01,53148
306,1953-02-01,303950
306,1953-03-01,386998
306,1953-04-01,384523
306,1953-05-01,467235
306,1953-06-01,302366
306,1953-07-01,374356
306,1953-08-01,371296
306,1953-09-01,452572
306,1953-10-01,315524
306,1953-11-01,416452
306,1953-12-01,498189
307,1950-02-01,286852
307,1950-03-01,286327
307,1950-04-01,285802
307,1950-05-01,285277
307,1950-06-01,284752
307,1950-07-01,284227
307,1950-08-01,283702
307,1950-09-01,283177
307,1950-10-01,282652
307,1950-11-01,282127
307,1950-12-01,281602
307,1951-01-01,281077
307,1951-02-01,280552
307,1951-03-01,249369
307,1951-04-01,4142
307,1951-05-01,2995
307,1951-06-01,1823
307,1951-07-01,678
307,1951-08-01,40337
307,1951-09-01,9215
307,1951-10-01,9143
307,1951-11-01,8088
307,1951-12-01,7689
307,1952-01-01,6701
307,1952-02-01,6336
307,1952-03-01,5464
307,1952-04-01,45108
307,1952-05-01,268629
307,1952-06-01,307564
307,1952-07-01,306284
307,1952-08-01,304979
307,1952-09-01,343818
307,1952-10-01,15081
307,1952-11-01,-301
307,1952-12-01,8237
307,1953-01-01,272105
307,1953-02-01,259091
307,1953-03-01,257334
307,1953-04-01,295298
307,1953-05-01,1751
307,1953-06-01,43415
307,1953-07-01,1338
307,1953-08-01,39318
307,1953-09-01,994
307,1953-10-01,47202
307,1953-11-01,373707
307,1953-12-01,371295
308,1950-02-01,275784
308,1950-03-01,275259
308,1950-04-01,274734
308,1950-05-01,274209
308,1950-06-01,273684
308,1950-07-01,205438
308,1950-08-01,8994
308,1950-09-01,8050
308,1950-10-01,7126
308,1950-11-01,6183
308,1950-12-01,5246
308,1951-01-01,4353
308,1951-02-01,3499
308,1951-03-01,2711
308,1951-04-01,1878
308,1951-05-01,1104
308,1951-06-01,77
308,1951-07-01,9336
308,1951-08-01,38204
308,1951-09-01,7494
308,1951-10-01,36155
308,1951-11-01,270032
308,1951-12-01,292520
308,1952-01-01,291410
308,1952-02-01,290300
308,1952-03-01,318458
308,1952-04-01,347002
308,1952-05-01,345911
308,1952-06-01,374754
308,1952-07-01,373663
308,1952-08-01,300330
308,1952-09-01,2440
308,1952-10-01,1167
308,1952-11-01,9014
308,1952-12-01,7773
308,1953-01-01,315670
308,1953-02-01,300521
308,1953-03-01,358724
308,1953-04-01,357029
308,1953-05-01,385133
308,1953-06-01,413002
308,1953-07-01,411345
308,1953-08-01,439052
308,1953-09-01,466789
308,1953-10-01,494184
308,1953-11-01,492489
308,1953-12-01,549641
309,1950-02-01,288873
309,1950-03-01,288348
309,1950-04-01,287823
309,1950-05-01,287298
309,1950-06-01,286773
309,1950-07-01,286248
309,1950-08-01,1553
309,1950-09-01,398
309,1950-10-01,9252
309,1950-11-01,8080
309,1950-12-01,41356
309,1951-01-01,251
309,1951-02-01,3333
309,1951-03-01,2354
309,1951-04-01,5429
309,1951-05-01,8570
309,1951-06-01,7615
309,1951-07-01,767
309,1951-08-01,-121
309,1951-09-01,271992
309,1951-10-01,270712
309,1951-11-01,303456
309,1951-12-01,336207
309,1952-01-01,334902
309,1952-02-01,367554
309,1952-03-01,366299
309,1952-04-01,399039
309,1952-05-01,397759
309,1952-06-01,429985
309,1952-07-01,428705
309,1952-08-01,461340
309,1952-09-01,460035
309,1952-10-01,492663
309,1952-11-01,525329
309,1952-12-01,524049
309,1953-01-01,556775
309,1953-02-01,526584
309,1953-03-01,353632
309,1953-04-01,343488
309,1953-05-01,291218
309,1953-06-01,5008
309,1953-07-01,2581
309,1953-08-01,34037
309,1953-09-01,312289
309,1953-10-01,413342
309,1953-11-01,835
309,1953-12-01,320641
